{
  "project_info": {
    "project_number": "451674041094",
    "firebase_url": "https://chatapp-dcef5-default-rtdb.europe-west1.firebasedatabase.app",
    "project_id": "chatapp-dcef5",
    "storage_bucket": "chatapp-dcef5.appspot.com"
  },
  "client": [
    {
      "client_info": {
        "mobilesdk_app_id": "1:451674041094:android:22f4bd4815d2eecb1f0c87",
        "android_client_info": {
          "package_name": "com.finalproject.chatapp"
        }
      },
      "oauth_client": [
        {
          "client_id": "451674041094-f9ttnvlllbjt0g98pvc5r247i536n7iq.apps.googleusercontent.com",
          "client_type": 1,
          "android_info": {
            "package_name": "com.finalproject.chatapp",
            "certificate_hash": "124874e20e2d8ed978b93ffe267d6842ed61e852"
          }
        },
        {
          "client_id": "451674041094-3ggn7km352qdnemtmg5lldljtdvpcbc5.apps.googleusercontent.com",
          "client_type": 3
        }
      ],
      "api_key": [
        {
          "current_key": "AIzaSyD42umIkK9AKl_NLkRJ78YPgJOG4IkWv4Q"
        }
      ],
      "services": {
        "appinvite_service": {
          "other_platform_oauth_client": [
            {
              "client_id": "451674041094-3ggn7km352qdnemtmg5lldljtdvpcbc5.apps.googleusercontent.com",
              "client_type": 3
            }
          ]
        }
      }
    }
  ],
  "configuration_version": "1"
}